22/11/2018|00205|172224283744 |06
20/11/2018|00204|092333404449 |17
17/11/2018|00203|122226294547 |15
15/11/2018|00202|131621404952 |54
13/11/2018|00201|032526324147 |05
10/11/2018|00200|030519222939 |15
08/11/2018|00199|222831395253 |14
06/11/2018|00198|192223434753 |03

03/11/2018|00197|141720232545 |34
01/11/2018|00196|031115424454 |41
30/10/2018|00195|011222273039 |46
27/10/2018|00194|080915214449 |16
25/10/2018|00193|162329314548 |19
23/10/2018|00192|010306132130 |36
20/10/2018|00191|020510173541 |21
18/10/2018|00190|011122344247 |30

16/10/2018|00189|052829344246 |17
13/10/2018|00188|122123444748 |43
11/10/2018|00187|051617374649 |35
09/10/2018|00186|102746505155 |01
06/10/2018|00185|050616424851 |03
04/10/2018|00184|030912173442 |46
02/10/2018|00183|030728323337 |22
29/09/2018|00182|030712323455 |38

27/09/2018|00181|081229355154 |34
25/09/2018|00180|020306131417 |09
22/09/2018|00179|010817284050 |21
20/09/2018|00178|033235464749 |51
18/09/2018|00177|082132434853 |38
15/09/2018|00176|020528304650 |49
13/09/2018|00175|040607264044 |09
11/09/2018|00174|131728424549 |50

08/09/2018|00173|091112243543 |15
06/09/2018|00172|041115212427 |07
04/09/2018|00171|081820293437 |51
01/09/2018|00170|020820212836 |05
30/08/2018|00169|052228424954 |36
28/08/2018|00168|021015313948 |23
25/08/2018|00167|101115324048 |27
23/08/2018|00166|141827383953 |02

21/08/2018|00165|091214233246 |31
18/08/2018|00164|073336395155 |11
16/08/2018|00163|061034464851 |47
14/08/2018|00162|293036384552 |46
11/08/2018|00161|161731334244 |14
09/08/2018|00160|242932334955 |09
07/08/2018|00159|030915203949 |04
04/08/2018|00158|111224324148 |03

02/08/2018|00157|061116174155 |07
31/07/2018|00156|010527314750 |41
28/07/2018|00155|111622253040 |09
26/07/2018|00154|212433374046 |52
24/07/2018|00153|111834375053 |20
21/07/2018|00152|073133374652 |28
19/07/2018|00151|111328344447 |10
17/07/2018|00150|051422273140 |48

14/07/2018|00149|041923343850 |01
12/07/2018|00148|081518212449 |22
10/07/2018|00147|061016202729 |24
07/07/2018|00146|023045484953 |41
05/07/2018|00145|041522244351 |48
03/07/2018|00144|303234474849 |50
30/06/2018|00143|031223243033 |01
28/06/2018|00142|113133434851 |23

26/06/2018|00141|171821394043 |03
23/06/2018|00140|060813234655 |01
21/06/2018|00139|020819232533 |32
19/06/2018|00138|161731374152 |34
16/06/2018|00137|141521304447 |48
14/06/2018|00136|031532454854 |55
12/06/2018|00135|041323272935 |14
09/06/2018|00134|092325395253 |38

07/06/2018|00133|111618264647 |42
05/06/2018|00132|112126325152 |05
02/06/2018|00131|050717223233 |06
31/05/2018|00130|031518252629 |19
29/05/2018|00129|091317184650 |26
26/05/2018|00128|071228314044 |15
24/05/2018|00127|242526293648 |40
22/05/2018|00126|040508173547 |39

19/05/2018|00125|333545525355 |25
17/05/2018|00124|133138455355 |46
15/05/2018|00123|030629374449 |24
12/05/2018|00122|010926385455 |51
10/05/2018|00121|020608343943 |11
08/05/2018|00120|031623243842 |48
05/05/2018|00119|163233374048 |15
03/05/2018|00118|232733373949 |44

01/05/2018|00117|010720232538 |14
28/04/2018|00116|121922293246 |25
26/04/2018|00115|232629313654 |55
24/04/2018|00114|171824404146 |06
21/04/2018|00113|161841434655 |35
19/04/2018|00112|041719354955 |09
17/04/2018|00111|021026273138 |39
14/04/2018|00110|021014264554 |20

12/04/2018|00109|042935374254 |19
10/04/2018|00108|012225313648 |41
07/04/2018|00107|122433343653 |05
05/04/2018|00106|070917253132 |06
03/04/2018|00105|202139425153 |01
31/03/2018|00104|030731435153 |26
29/03/2018|00103|052735394652 |31
27/03/2018|00102|091314155455 |22

24/03/2018|00101|013038454850 |12
22/03/2018|00100|010824333441 |20
20/03/2018|00099|114043464955 |37
17/03/2018|00098|031428355052 |29
15/03/2018|00097|152023283949 |19
13/03/2018|00096|010217464749 |44
10/03/2018|00095|092027314849 |42
08/03/2018|00094|141718234152 |40

06/03/2018|00093|020613224048 |12
03/03/2018|00092|041032374752 |49
01/03/2018|00091|040507172038 |09
27/02/2018|00090|081623284449 |45
24/02/2018|00089|050724324549 |01
22/02/2018|00088|111432364248 |20
20/02/2018|00087|010221245052 |33
17/02/2018|00086|162228293543 |45

13/02/2018|00085|092526304254 |19
10/02/2018|00084|081019253646 |07
08/02/2018|00083|212229374150 |33
06/02/2018|00082|012029314353 |16
03/02/2018|00081|122942485455 |18
01/02/2018|00080|010708093943 |52
30/01/2018|00079|151924515355 |29
27/01/2018|00078|212636384050 |11

25/01/2018|00077|011030444550 |04
23/01/2018|00076|031015234153 |35
20/01/2018|00075|020715164145 |19
18/01/2018|00074|122428303639 |15
16/01/2018|00073|062733414249 |22
13/01/2018|00072|032125265155 |37
11/01/2018|00071|040730353745 |01
09/01/2018|00070|182528465051 |15

06/01/2018|00069|041124354145 |17
04/01/2018|00068|010731354655 |51
02/01/2018|00067|040708343747 |24
30/12/2017|00066|080936373950 |07
28/12/2017|00065|071826293135 |34
26/12/2017|00064|071113182642 |49
23/12/2017|00063|070809132844 |12
21/12/2017|00062|222327353746 |19

19/12/2017|00061|020320253844 |12
16/12/2017|00060|052337414353 |25
14/12/2017|00059|111222284650 |07
12/12/2017|00058|060708213239 |27
09/12/2017|00057|053435424952 |21
07/12/2017|00056|031426354454 |25
05/12/2017|00055|273840424655 |05
02/12/2017|00054|093745505354 |40

30/11/2017|00053|051326375355 |28
28/11/2017|00052|021939495153 |20
25/11/2017|00051|020916465255 |50
23/11/2017|00050|010203182550 |14
21/11/2017|00049|050823373854 |55
18/11/2017|00048|111226425054 |17
16/11/2017|00047|011622254748 |21
14/11/2017|00046|202429414749 |22

11/11/2017|00045|122633353644 |01
09/11/2017|00044|020306233436 |50
07/11/2017|00043|193236374254 |28
04/11/2017|00042|020812444652 |09
02/11/2017|00041|030912215152 |07
31/10/2017|00040|071324454752 |33
28/10/2017|00039|131835364148 |47
26/10/2017|00038|021015303450 |03

24/10/2017|00037|010209133235 |52
21/10/2017|00036|040913161849 |30
19/10/2017|00035|061517244045 |39
17/10/2017|00034|012636405054 |31
14/10/2017|00033|141829354449 |54
12/10/2017|00032|050811313742 |52
10/10/2017|00031|293343444550 |41
07/10/2017|00030|313440424349 |16

05/10/2017|00029|010314193541 |20
03/10/2017|00028|213135414650 |23
30/09/2017|00027|041723253446 |24
28/09/2017|00026|202728313947 |10
26/09/2017|00025|141518303649 |19
23/09/2017|00024|070827364453 |49
21/09/2017|00023|091216244351 |39
19/09/2017|00022|033236414453 |45

16/09/2017|00021|091221262952 |24
14/09/2017|00020|222332434451 |15
12/09/2017|00019|061012474851 |35
09/09/2017|00018|011523364354 |12
07/09/2017|00017|041822313240 |08
05/09/2017|00016|010208132339 |09
02/09/2017|00015|050911181937 |50
31/08/2017|00014|082027353647 |18

29/08/2017|00013|041215232441 |44
26/08/2017|00012|172530313641 |20
24/08/2017|00011|051618374246 |10
22/08/2017|00010|102431323844 |14
19/08/2017|00009|071113152651 |36
17/08/2017|00008|111220303234 |53
15/08/2017|00007|071119323351 |30
12/08/2017|00006|061620323851 |34

10/08/2017|00005|101119415054 |03
08/08/2017|00004|193639414651 |38
05/08/2017|00003|010511324045 |43
03/08/2017|00002|040924252745 |40
01/08/2017|00001|051014232438 |35


